Complexity metrics,Tue, 9 Jan 2018 17:59:07 EST
Method,ev(G),iv(G),v(G)
"it.polimi.deib.p2pchat.discovery.BasicBroadcastReceiver.getChatManager()",1,1,1
"it.polimi.deib.p2pchat.discovery.BasicBroadcastReceiver.getCurrentTimeStamp()",1,1,1
"it.polimi.deib.p2pchat.discovery.BasicBroadcastReceiver.getRemoteAssistant()",1,1,1
"it.polimi.deib.p2pchat.discovery.BasicBroadcastReceiver.getRemoteResultsHolder()",1,1,1
"it.polimi.deib.p2pchat.discovery.BasicBroadcastReceiver.getRemoteSerializableObject()",1,1,1
"it.polimi.deib.p2pchat.discovery.BasicBroadcastReceiver.handleCopyReply(RemoteIntent)",1,1,1
"it.polimi.deib.p2pchat.discovery.BasicBroadcastReceiver.handleRemoteAccessResponse(Intent)",1,1,1
"it.polimi.deib.p2pchat.discovery.BasicBroadcastReceiver.handleRemoteReply(RemoteIntent,Context)",1,1,1
"it.polimi.deib.p2pchat.discovery.BasicBroadcastReceiver.handleStreamFileReply(RemoteIntent,Context)",1,1,1
"it.polimi.deib.p2pchat.discovery.BasicBroadcastReceiver.handleStreamReply(RemoteIntent,Context)",1,1,1
"it.polimi.deib.p2pchat.discovery.BasicBroadcastReceiver.onReceive(Context,Intent)",2,11,19
"it.polimi.deib.p2pchat.discovery.BasicBroadcastReceiver.setChatManager(ChatManager)",1,1,1
"it.polimi.deib.p2pchat.discovery.BasicBroadcastReceiver.setRemoteAssistant(RemoteAssistant)",1,1,1
"it.polimi.deib.p2pchat.discovery.BasicBroadcastReceiver.setRemoteResultsHolder(RemoteResultsHolder)",1,1,1
"it.polimi.deib.p2pchat.discovery.BasicBroadcastReceiver.setRemoteSerializableObject(Object)",1,1,1
"it.polimi.deib.p2pchat.discovery.BasicBroadcastReceiver.writerHandler(byte[])",1,2,2
"it.polimi.deib.p2pchat.discovery.DestinationDeviceTabList.DestinationDeviceTabList()",1,1,1
"it.polimi.deib.p2pchat.discovery.DestinationDeviceTabList.addDeviceIfRequired(P2pDestinationDevice)",4,7,8
"it.polimi.deib.p2pchat.discovery.DestinationDeviceTabList.containsElement(P2pDestinationDevice)",4,4,6
"it.polimi.deib.p2pchat.discovery.DestinationDeviceTabList.getDevice(int)",2,3,3
"it.polimi.deib.p2pchat.discovery.DestinationDeviceTabList.getInstance()",1,1,1
"it.polimi.deib.p2pchat.discovery.DestinationDeviceTabList.getSize()",1,1,1
"it.polimi.deib.p2pchat.discovery.DestinationDeviceTabList.indexOfElement(P2pDestinationDevice)",4,4,6
"it.polimi.deib.p2pchat.discovery.DestinationDeviceTabList.setDevice(int,P2pDestinationDevice)",1,3,3
"it.polimi.deib.p2pchat.discovery.HandleRemoteAssistant.HandleRemoteAssistant()",1,1,1
"it.polimi.deib.p2pchat.discovery.HandleRemoteAssistant.analyzeRemoteAssistant(RemoteAssistant)",1,10,10
"it.polimi.deib.p2pchat.discovery.MainActivity.addColorActiveTabs(boolean)",1,3,3
"it.polimi.deib.p2pchat.discovery.MainActivity.checkRemoteResultsHolder()",1,2,2
"it.polimi.deib.p2pchat.discovery.MainActivity.closeAndKillSocketHandler()",1,3,3
"it.polimi.deib.p2pchat.discovery.MainActivity.configureBasicBroadcastReceiver(RemoteAssistant,Object)",1,1,1
"it.polimi.deib.p2pchat.discovery.MainActivity.connectP2p(WiFiP2pService)",1,4,4
"it.polimi.deib.p2pchat.discovery.MainActivity.disconnectBecauseOnStop()",1,2,3
"it.polimi.deib.p2pchat.discovery.MainActivity.discoverService()",1,1,1
"it.polimi.deib.p2pchat.discovery.MainActivity.forceDisconnectAndStartDiscovery()",1,2,3
"it.polimi.deib.p2pchat.discovery.MainActivity.forceDiscoveryStop()",1,2,2
"it.polimi.deib.p2pchat.discovery.MainActivity.forcedCancelConnect()",1,1,1
"it.polimi.deib.p2pchat.discovery.MainActivity.getChannel()",1,1,1
"it.polimi.deib.p2pchat.discovery.MainActivity.getChatManager()",1,1,1
"it.polimi.deib.p2pchat.discovery.MainActivity.getHandler()",1,1,1
"it.polimi.deib.p2pchat.discovery.MainActivity.getIntentFilter()",1,1,1
"it.polimi.deib.p2pchat.discovery.MainActivity.getManager()",1,1,1
"it.polimi.deib.p2pchat.discovery.MainActivity.getReceiver()",1,1,1
"it.polimi.deib.p2pchat.discovery.MainActivity.getServiceRequest()",1,1,1
"it.polimi.deib.p2pchat.discovery.MainActivity.getSocketHandler()",1,1,1
"it.polimi.deib.p2pchat.discovery.MainActivity.getTAG()",1,1,1
"it.polimi.deib.p2pchat.discovery.MainActivity.getTabFragment()",1,1,1
"it.polimi.deib.p2pchat.discovery.MainActivity.getTabNum()",1,1,1
"it.polimi.deib.p2pchat.discovery.MainActivity.getToolbar()",1,1,1
"it.polimi.deib.p2pchat.discovery.MainActivity.handleMessage(Message)",5,15,16
"it.polimi.deib.p2pchat.discovery.MainActivity.handleRemoteIntent(Intent)",1,1,1
"it.polimi.deib.p2pchat.discovery.MainActivity.internalStopDiscovery()",1,1,1
"it.polimi.deib.p2pchat.discovery.MainActivity.isBlockForcedDiscoveryInBroadcastReceiver()",1,1,1
"it.polimi.deib.p2pchat.discovery.MainActivity.isConnected()",1,1,1
"it.polimi.deib.p2pchat.discovery.MainActivity.isDiscoveryStatus()",1,1,1
"it.polimi.deib.p2pchat.discovery.MainActivity.isRetryChannel()",1,1,1
"it.polimi.deib.p2pchat.discovery.MainActivity.manageAddressMessageReception(P2pDestinationDevice)",1,5,5
"it.polimi.deib.p2pchat.discovery.MainActivity.onActivityResult(int,int,Intent)",2,4,4
"it.polimi.deib.p2pchat.discovery.MainActivity.onConnectionInfoAvailable(WifiP2pInfo)",2,3,3
"it.polimi.deib.p2pchat.discovery.MainActivity.onCreate(Bundle)",1,1,1
"it.polimi.deib.p2pchat.discovery.MainActivity.onCreateOptionsMenu(Menu)",1,1,1
"it.polimi.deib.p2pchat.discovery.MainActivity.onOptionsItemSelected(MenuItem)",2,3,6
"it.polimi.deib.p2pchat.discovery.MainActivity.onPause()",1,1,1
"it.polimi.deib.p2pchat.discovery.MainActivity.onRestart()",1,3,3
"it.polimi.deib.p2pchat.discovery.MainActivity.onResume()",1,1,1
"it.polimi.deib.p2pchat.discovery.MainActivity.onStop()",1,1,1
"it.polimi.deib.p2pchat.discovery.MainActivity.receiveIncomingMessage(byte[])",1,1,1
"it.polimi.deib.p2pchat.discovery.MainActivity.reconnectToService(WiFiP2pService)",1,2,2
"it.polimi.deib.p2pchat.discovery.MainActivity.restartDiscovery()",1,1,1
"it.polimi.deib.p2pchat.discovery.MainActivity.sendAddress(String,String,ChatManager)",1,3,3
"it.polimi.deib.p2pchat.discovery.MainActivity.setBlockForcedDiscoveryInBroadcastReceiver(boolean)",1,1,1
"it.polimi.deib.p2pchat.discovery.MainActivity.setChannel(Channel)",1,1,1
"it.polimi.deib.p2pchat.discovery.MainActivity.setChatManager(ChatManager)",1,1,1
"it.polimi.deib.p2pchat.discovery.MainActivity.setConnected(boolean)",1,1,1
"it.polimi.deib.p2pchat.discovery.MainActivity.setDeviceNameWithReflection(String)",1,2,2
"it.polimi.deib.p2pchat.discovery.MainActivity.setDisableAllChatManagers()",1,4,4
"it.polimi.deib.p2pchat.discovery.MainActivity.setDiscoveryStatus(boolean)",1,1,1
"it.polimi.deib.p2pchat.discovery.MainActivity.setManager(WifiP2pManager)",1,1,1
"it.polimi.deib.p2pchat.discovery.MainActivity.setReceiver(BroadcastReceiver)",1,1,1
"it.polimi.deib.p2pchat.discovery.MainActivity.setRetryChannel(boolean)",1,1,1
"it.polimi.deib.p2pchat.discovery.MainActivity.setServiceRequest(WifiP2pDnsSdServiceRequest)",1,1,1
"it.polimi.deib.p2pchat.discovery.MainActivity.setSocketHandler(Thread)",1,1,1
"it.polimi.deib.p2pchat.discovery.MainActivity.setTabFragment(TabFragment)",1,1,1
"it.polimi.deib.p2pchat.discovery.MainActivity.setTabFragmentToPage(int)",1,3,3
"it.polimi.deib.p2pchat.discovery.MainActivity.setTabNum(int)",1,1,1
"it.polimi.deib.p2pchat.discovery.MainActivity.setToolbar(Toolbar)",1,1,1
"it.polimi.deib.p2pchat.discovery.MainActivity.setupToolBar()",1,2,2
"it.polimi.deib.p2pchat.discovery.MainActivity.startRegistration()",1,1,1
"it.polimi.deib.p2pchat.discovery.MainActivity.tryToConnectToAService(int)",1,2,2
"it.polimi.deib.p2pchat.discovery.MainActivity.updateServiceAdapter()",1,3,3
"it.polimi.deib.p2pchat.discovery.RemoteAssistant.RemoteAssistant()",1,1,1
"it.polimi.deib.p2pchat.discovery.RemoteAssistant.isDataDeepEquals()",1,1,1
"it.polimi.deib.p2pchat.discovery.RemoteAssistant.isDataEquals()",1,1,1
"it.polimi.deib.p2pchat.discovery.RemoteAssistant.isDataNonNull()",1,1,1
"it.polimi.deib.p2pchat.discovery.RemoteAssistant.isDataNull()",1,1,1
"it.polimi.deib.p2pchat.discovery.RemoteAssistant.isGetAction()",1,1,1
"it.polimi.deib.p2pchat.discovery.RemoteAssistant.isGetDataActualSize()",1,1,1
"it.polimi.deib.p2pchat.discovery.RemoteAssistant.isGetDataClass()",1,1,1
"it.polimi.deib.p2pchat.discovery.RemoteAssistant.isGetDataHashCode()",1,1,1
"it.polimi.deib.p2pchat.discovery.RemoteAssistant.isGetDataSize()",1,1,1
"it.polimi.deib.p2pchat.discovery.RemoteAssistant.isGetDataToString()",1,1,1
"it.polimi.deib.p2pchat.discovery.RemoteAssistant.isGetFileFromPath()",1,1,1
"it.polimi.deib.p2pchat.discovery.RemoteAssistant.isHasBundle()",1,1,1
"it.polimi.deib.p2pchat.discovery.RemoteAssistant.setDataDeepEquals(boolean)",1,1,1
"it.polimi.deib.p2pchat.discovery.RemoteAssistant.setDataEquals(boolean)",1,1,1
"it.polimi.deib.p2pchat.discovery.RemoteAssistant.setDataNonNull(boolean)",1,1,1
"it.polimi.deib.p2pchat.discovery.RemoteAssistant.setDataNull(boolean)",1,1,1
"it.polimi.deib.p2pchat.discovery.RemoteAssistant.setGetAction(boolean)",1,1,1
"it.polimi.deib.p2pchat.discovery.RemoteAssistant.setGetDataActualSize(boolean)",1,1,1
"it.polimi.deib.p2pchat.discovery.RemoteAssistant.setGetDataClass(boolean)",1,1,1
"it.polimi.deib.p2pchat.discovery.RemoteAssistant.setGetDataHashCode(boolean)",1,1,1
"it.polimi.deib.p2pchat.discovery.RemoteAssistant.setGetDataSize(boolean)",1,1,1
"it.polimi.deib.p2pchat.discovery.RemoteAssistant.setGetDataToString(boolean)",1,1,1
"it.polimi.deib.p2pchat.discovery.RemoteAssistant.setGetFileFromPath(boolean)",1,1,1
"it.polimi.deib.p2pchat.discovery.RemoteAssistant.setHasBundle(boolean)",1,1,1
"it.polimi.deib.p2pchat.discovery.RemoteImplementation.getAction()",1,1,1
"it.polimi.deib.p2pchat.discovery.RemoteImplementation.getDataActualSize()",1,1,1
"it.polimi.deib.p2pchat.discovery.RemoteImplementation.getDataClass()",1,1,1
"it.polimi.deib.p2pchat.discovery.RemoteImplementation.getDataHashCode()",1,1,1
"it.polimi.deib.p2pchat.discovery.RemoteImplementation.getDataSize()",2,3,5
"it.polimi.deib.p2pchat.discovery.RemoteImplementation.getDataToString()",1,1,1
"it.polimi.deib.p2pchat.discovery.RemoteImplementation.getFileFromPath()",1,1,1
"it.polimi.deib.p2pchat.discovery.RemoteImplementation.getIntent()",1,1,1
"it.polimi.deib.p2pchat.discovery.RemoteImplementation.hasBundle()",2,1,2
"it.polimi.deib.p2pchat.discovery.RemoteImplementation.isDataDeepEquals(Object)",1,1,1
"it.polimi.deib.p2pchat.discovery.RemoteImplementation.isDataEquals(Object)",1,1,1
"it.polimi.deib.p2pchat.discovery.RemoteImplementation.isDataNonNull()",1,1,1
"it.polimi.deib.p2pchat.discovery.RemoteImplementation.isDataNull()",1,1,1
"it.polimi.deib.p2pchat.discovery.RemoteImplementation.setData(Intent)",1,1,1
"it.polimi.deib.p2pchat.discovery.RemoteResultsHandler.RemoteResultsHandler()",1,1,1
"it.polimi.deib.p2pchat.discovery.RemoteResultsHandler.handlerRemoteIntent(Intent)",1,12,12
"it.polimi.deib.p2pchat.discovery.RemoteResultsHolder.getClone()",1,1,1
"it.polimi.deib.p2pchat.discovery.RemoteResultsHolder.getGetAction()",1,1,1
"it.polimi.deib.p2pchat.discovery.RemoteResultsHolder.getGetBundle()",1,1,1
"it.polimi.deib.p2pchat.discovery.RemoteResultsHolder.getGetBundleKeys()",1,1,1
"it.polimi.deib.p2pchat.discovery.RemoteResultsHolder.getGetDataActualSize()",1,1,1
"it.polimi.deib.p2pchat.discovery.RemoteResultsHolder.getGetDataClass()",1,1,1
"it.polimi.deib.p2pchat.discovery.RemoteResultsHolder.getGetDataHashCode()",1,1,1
"it.polimi.deib.p2pchat.discovery.RemoteResultsHolder.getGetDataSize()",1,1,1
"it.polimi.deib.p2pchat.discovery.RemoteResultsHolder.getGetDataToString()",1,1,1
"it.polimi.deib.p2pchat.discovery.RemoteResultsHolder.getGetFileFromPath()",1,1,1
"it.polimi.deib.p2pchat.discovery.RemoteResultsHolder.getGetObjectFromBundleKey()",1,1,1
"it.polimi.deib.p2pchat.discovery.RemoteResultsHolder.getGetObjectsFromBundle()",1,1,1
"it.polimi.deib.p2pchat.discovery.RemoteResultsHolder.isDataDeepEquals()",1,1,1
"it.polimi.deib.p2pchat.discovery.RemoteResultsHolder.isDataEquals()",1,1,1
"it.polimi.deib.p2pchat.discovery.RemoteResultsHolder.isDataNonNull()",1,1,1
"it.polimi.deib.p2pchat.discovery.RemoteResultsHolder.isDataNull()",1,1,1
"it.polimi.deib.p2pchat.discovery.RemoteResultsHolder.isHasBundle()",1,1,1
"it.polimi.deib.p2pchat.discovery.RemoteResultsHolder.setClone(Object)",1,1,1
"it.polimi.deib.p2pchat.discovery.RemoteResultsHolder.setDataDeepEquals(boolean)",1,1,1
"it.polimi.deib.p2pchat.discovery.RemoteResultsHolder.setDataEquals(boolean)",1,1,1
"it.polimi.deib.p2pchat.discovery.RemoteResultsHolder.setDataNonNull(boolean)",1,1,1
"it.polimi.deib.p2pchat.discovery.RemoteResultsHolder.setDataNull(boolean)",1,1,1
"it.polimi.deib.p2pchat.discovery.RemoteResultsHolder.setGetAction(String)",1,1,1
"it.polimi.deib.p2pchat.discovery.RemoteResultsHolder.setGetBundle(Bundle)",1,1,1
"it.polimi.deib.p2pchat.discovery.RemoteResultsHolder.setGetBundleKeys(Set<String>)",1,1,1
"it.polimi.deib.p2pchat.discovery.RemoteResultsHolder.setGetDataActualSize(long)",1,1,1
"it.polimi.deib.p2pchat.discovery.RemoteResultsHolder.setGetDataClass(String)",1,1,1
"it.polimi.deib.p2pchat.discovery.RemoteResultsHolder.setGetDataHashCode(int)",1,1,1
"it.polimi.deib.p2pchat.discovery.RemoteResultsHolder.setGetDataSize(long)",1,1,1
"it.polimi.deib.p2pchat.discovery.RemoteResultsHolder.setGetDataToString(String)",1,1,1
"it.polimi.deib.p2pchat.discovery.RemoteResultsHolder.setGetFileFromPath(File)",1,1,1
"it.polimi.deib.p2pchat.discovery.RemoteResultsHolder.setGetObjectFromBundleKey(Object)",1,1,1
"it.polimi.deib.p2pchat.discovery.RemoteResultsHolder.setGetObjectsFromBundle(Set<Object>)",1,1,1
"it.polimi.deib.p2pchat.discovery.RemoteResultsHolder.setHasBundle(boolean)",1,1,1
"it.polimi.deib.p2pchat.discovery.SerializeDeserialize.DeserializeIntent(String)",1,7,7
"it.polimi.deib.p2pchat.discovery.SerializeDeserialize.SerializeDeserialize()",1,1,1
"it.polimi.deib.p2pchat.discovery.SerializeDeserialize.SerializeIntent(Intent)",1,3,3
"it.polimi.deib.p2pchat.discovery.StreamImplementation.getData()",1,1,1
"it.polimi.deib.p2pchat.discovery.StreamImplementation.getFileExtension()",2,2,2
"it.polimi.deib.p2pchat.discovery.StreamImplementation.loadData()",1,4,4
"it.polimi.deib.p2pchat.discovery.StreamImplementation.setContext(Context)",1,1,1
"it.polimi.deib.p2pchat.discovery.StreamImplementation.setData(Intent)",1,1,1
"it.polimi.deib.p2pchat.discovery.TabFragment.SectionsPagerAdapter.SectionsPagerAdapter(FragmentManager)",1,1,1
"it.polimi.deib.p2pchat.discovery.TabFragment.SectionsPagerAdapter.getCount()",1,1,1
"it.polimi.deib.p2pchat.discovery.TabFragment.SectionsPagerAdapter.getItem(int)",2,2,2
"it.polimi.deib.p2pchat.discovery.TabFragment.SectionsPagerAdapter.getPageTitle(int)",3,3,3
"it.polimi.deib.p2pchat.discovery.TabFragment.TabFragment()",1,1,1
"it.polimi.deib.p2pchat.discovery.TabFragment.getChatFragmentByTab(int)",1,1,1
"it.polimi.deib.p2pchat.discovery.TabFragment.getMSectionsPagerAdapter()",1,1,1
"it.polimi.deib.p2pchat.discovery.TabFragment.getMViewPager()",1,1,1
"it.polimi.deib.p2pchat.discovery.TabFragment.getWiFiChatFragmentList()",1,1,1
"it.polimi.deib.p2pchat.discovery.TabFragment.getWiFiP2pServicesFragment()",1,1,1
"it.polimi.deib.p2pchat.discovery.TabFragment.isValidTabNum(int)",1,2,2
"it.polimi.deib.p2pchat.discovery.TabFragment.newInstance()",1,1,1
"it.polimi.deib.p2pchat.discovery.TabFragment.onCreateView(LayoutInflater,ViewGroup,Bundle)",1,1,1
"it.polimi.deib.p2pchat.discovery.TabFragment.setMViewPager(ViewPager)",1,1,1
"it.polimi.deib.p2pchat.discovery.TabFragment.setWiFiChatFragmentList(List<WiFiChatFragment>)",1,1,1
"it.polimi.deib.p2pchat.discovery.TabFragment.setWiFiP2pServicesFragment(WiFiP2pServicesFragment)",1,1,1
"it.polimi.deib.p2pchat.discovery.TabFragment.setmSectionsPagerAdapter(SectionsPagerAdapter)",1,1,1
"it.polimi.deib.p2pchat.discovery.TestClass.TestClass()",1,1,1
"it.polimi.deib.p2pchat.discovery.TestClass.sendCopyIntent()",1,1,1
"it.polimi.deib.p2pchat.discovery.WiFiP2pBroadcastReceiver.WiFiP2pBroadcastReceiver(WifiP2pManager,Channel,Activity)",1,1,1
"it.polimi.deib.p2pchat.discovery.WiFiP2pBroadcastReceiver.onReceive(Context,Intent)",3,5,6
"it.polimi.deib.p2pchat.discovery.actionlisteners.CustomDnsSdTxtRecordListener.onDnsSdTxtRecordAvailable(String,Map<String, String>,WifiP2pDevice)",1,1,1
"it.polimi.deib.p2pchat.discovery.actionlisteners.CustomDnsServiceResponseListener.onDnsSdServiceAvailable(String,String,WifiP2pDevice)",1,4,4
"it.polimi.deib.p2pchat.discovery.actionlisteners.CustomizableActionListener.CustomizableActionListener(Context,String,String,String,String,String)",1,1,2
"it.polimi.deib.p2pchat.discovery.actionlisteners.CustomizableActionListener.onFailure(int)",1,3,4
"it.polimi.deib.p2pchat.discovery.actionlisteners.CustomizableActionListener.onSuccess()",1,3,4
"it.polimi.deib.p2pchat.discovery.chatmessages.WiFiChatFragment.WiFiChatFragment()",1,1,1
"it.polimi.deib.p2pchat.discovery.chatmessages.WiFiChatFragment.addToWaitingToSendQueueAndTryReconnect()",1,2,2
"it.polimi.deib.p2pchat.discovery.chatmessages.WiFiChatFragment.getAdapter()",1,1,1
"it.polimi.deib.p2pchat.discovery.chatmessages.WiFiChatFragment.getChatLine()",1,1,1
"it.polimi.deib.p2pchat.discovery.chatmessages.WiFiChatFragment.getChatManager()",1,1,1
"it.polimi.deib.p2pchat.discovery.chatmessages.WiFiChatFragment.getItems()",1,1,1
"it.polimi.deib.p2pchat.discovery.chatmessages.WiFiChatFragment.getTAG()",1,1,1
"it.polimi.deib.p2pchat.discovery.chatmessages.WiFiChatFragment.getTabNumber()",1,1,1
"it.polimi.deib.p2pchat.discovery.chatmessages.WiFiChatFragment.isFirstStartSendAddress()",1,1,1
"it.polimi.deib.p2pchat.discovery.chatmessages.WiFiChatFragment.isGrayScale()",1,1,1
"it.polimi.deib.p2pchat.discovery.chatmessages.WiFiChatFragment.newInstance()",1,1,1
"it.polimi.deib.p2pchat.discovery.chatmessages.WiFiChatFragment.onCreateView(LayoutInflater,ViewGroup,Bundle)",1,4,4
"it.polimi.deib.p2pchat.discovery.chatmessages.WiFiChatFragment.pushMessage(String)",1,1,1
"it.polimi.deib.p2pchat.discovery.chatmessages.WiFiChatFragment.sendForcedWaitingToSendQueue()",1,5,6
"it.polimi.deib.p2pchat.discovery.chatmessages.WiFiChatFragment.setAdapter(WiFiChatMessageListAdapter)",1,1,1
"it.polimi.deib.p2pchat.discovery.chatmessages.WiFiChatFragment.setChatLine(TextView)",1,1,1
"it.polimi.deib.p2pchat.discovery.chatmessages.WiFiChatFragment.setChatManager(ChatManager)",1,1,1
"it.polimi.deib.p2pchat.discovery.chatmessages.WiFiChatFragment.setFirstStartSendAddress(boolean)",1,1,1
"it.polimi.deib.p2pchat.discovery.chatmessages.WiFiChatFragment.setGrayScale(boolean)",1,1,1
"it.polimi.deib.p2pchat.discovery.chatmessages.WiFiChatFragment.setTabNumber(Integer)",1,1,1
"it.polimi.deib.p2pchat.discovery.chatmessages.WiFiChatFragment.updateChatMessageListAdapter()",1,2,2
"it.polimi.deib.p2pchat.discovery.chatmessages.WiFiChatMessageListAdapter.WiFiChatMessageListAdapter(Context,int,WiFiChatFragment)",1,1,1
"it.polimi.deib.p2pchat.discovery.chatmessages.WiFiChatMessageListAdapter.getView(int,View,ViewGroup)",1,7,7
"it.polimi.deib.p2pchat.discovery.chatmessages.messagefilter.MessageException.MessageException()",1,1,1
"it.polimi.deib.p2pchat.discovery.chatmessages.messagefilter.MessageException.MessageException(Reason)",1,1,1
"it.polimi.deib.p2pchat.discovery.chatmessages.messagefilter.MessageException.MessageException(String)",1,1,1
"it.polimi.deib.p2pchat.discovery.chatmessages.messagefilter.MessageException.MessageException(String,Throwable)",1,1,1
"it.polimi.deib.p2pchat.discovery.chatmessages.messagefilter.MessageException.MessageException(Throwable)",1,1,1
"it.polimi.deib.p2pchat.discovery.chatmessages.messagefilter.MessageException.getReason()",1,1,1
"it.polimi.deib.p2pchat.discovery.chatmessages.messagefilter.MessageFilter.MessageFilter()",1,1,1
"it.polimi.deib.p2pchat.discovery.chatmessages.messagefilter.MessageFilter.getInstance()",1,1,1
"it.polimi.deib.p2pchat.discovery.chatmessages.messagefilter.MessageFilter.getLowerCaseBlackList()",1,1,1
"it.polimi.deib.p2pchat.discovery.chatmessages.messagefilter.MessageFilter.isFiltered(String)",5,2,5
"it.polimi.deib.p2pchat.discovery.chatmessages.waitingtosend.WaitingToSendListElement.WaitingToSendListElement()",1,1,1
"it.polimi.deib.p2pchat.discovery.chatmessages.waitingtosend.WaitingToSendListElement.getWaitingToSendList()",1,1,1
"it.polimi.deib.p2pchat.discovery.chatmessages.waitingtosend.WaitingToSendQueue.WaitingToSendQueue()",1,1,1
"it.polimi.deib.p2pchat.discovery.chatmessages.waitingtosend.WaitingToSendQueue.getInstance()",1,1,1
"it.polimi.deib.p2pchat.discovery.chatmessages.waitingtosend.WaitingToSendQueue.getWaitingToSendItemsList(int)",1,4,4
"it.polimi.deib.p2pchat.discovery.model.LocalP2PDevice.LocalP2PDevice()",1,1,1
"it.polimi.deib.p2pchat.discovery.model.LocalP2PDevice.getInstance()",1,1,1
"it.polimi.deib.p2pchat.discovery.model.LocalP2PDevice.getLocalDevice()",1,1,1
"it.polimi.deib.p2pchat.discovery.model.LocalP2PDevice.setLocalDevice(WifiP2pDevice)",1,1,1
"it.polimi.deib.p2pchat.discovery.model.P2pDestinationDevice.P2pDestinationDevice()",1,1,1
"it.polimi.deib.p2pchat.discovery.model.P2pDestinationDevice.P2pDestinationDevice(WifiP2pDevice)",1,1,1
"it.polimi.deib.p2pchat.discovery.model.P2pDestinationDevice.getDestinationIpAddress()",1,1,1
"it.polimi.deib.p2pchat.discovery.model.P2pDestinationDevice.getP2pDevice()",1,1,1
"it.polimi.deib.p2pchat.discovery.model.P2pDestinationDevice.setDestinationIpAddress(String)",1,1,1
"it.polimi.deib.p2pchat.discovery.model.P2pDestinationDevice.setP2pDevice(WifiP2pDevice)",1,1,1
"it.polimi.deib.p2pchat.discovery.model.P2pDestinationDevice.toString()",1,1,1
"it.polimi.deib.p2pchat.discovery.services.BasicIntentService.BasicIntentService()",1,1,1
"it.polimi.deib.p2pchat.discovery.services.BasicIntentService.handleInMessage(Intent)",1,1,1
"it.polimi.deib.p2pchat.discovery.services.BasicIntentService.handleOutMessage(Intent)",1,1,1
"it.polimi.deib.p2pchat.discovery.services.BasicIntentService.handleStreamClientMessage(Intent)",1,2,2
"it.polimi.deib.p2pchat.discovery.services.BasicIntentService.handleStreamReplyMessage(Intent)",1,2,2
"it.polimi.deib.p2pchat.discovery.services.BasicIntentService.onHandleIntent(Intent)",1,9,9
"it.polimi.deib.p2pchat.discovery.services.BasicIntentService.receiveIncomingMessage(byte[])",1,1,1
"it.polimi.deib.p2pchat.discovery.services.ServiceList.ServiceList()",1,1,1
"it.polimi.deib.p2pchat.discovery.services.ServiceList.addServiceIfNotPresent(WiFiP2pService)",2,4,6
"it.polimi.deib.p2pchat.discovery.services.ServiceList.clear()",1,1,1
"it.polimi.deib.p2pchat.discovery.services.ServiceList.getElementByPosition(int)",1,1,1
"it.polimi.deib.p2pchat.discovery.services.ServiceList.getInstance()",1,1,1
"it.polimi.deib.p2pchat.discovery.services.ServiceList.getServiceByDevice(WifiP2pDevice)",4,2,4
"it.polimi.deib.p2pchat.discovery.services.ServiceList.getSize()",1,1,1
"it.polimi.deib.p2pchat.discovery.services.WiFiP2pService.getDevice()",1,1,1
"it.polimi.deib.p2pchat.discovery.services.WiFiP2pService.getInstanceName()",1,1,1
"it.polimi.deib.p2pchat.discovery.services.WiFiP2pService.getServiceRegistrationType()",1,1,1
"it.polimi.deib.p2pchat.discovery.services.WiFiP2pService.setDevice(WifiP2pDevice)",1,1,1
"it.polimi.deib.p2pchat.discovery.services.WiFiP2pService.setInstanceName(String)",1,1,1
"it.polimi.deib.p2pchat.discovery.services.WiFiP2pService.setServiceRegistrationType(String)",1,1,1
"it.polimi.deib.p2pchat.discovery.services.WiFiP2pServicesFragment.OnClickListenerLocalDevice.OnClickListenerLocalDevice(Fragment)",1,1,1
"it.polimi.deib.p2pchat.discovery.services.WiFiP2pServicesFragment.OnClickListenerLocalDevice.onClick(View)",1,2,2
"it.polimi.deib.p2pchat.discovery.services.WiFiP2pServicesFragment.WiFiP2pServicesFragment()",1,1,1
"it.polimi.deib.p2pchat.discovery.services.WiFiP2pServicesFragment.changeLocalDeviceName(String)",2,1,2
"it.polimi.deib.p2pchat.discovery.services.WiFiP2pServicesFragment.getLocalDeviceNameText()",1,1,1
"it.polimi.deib.p2pchat.discovery.services.WiFiP2pServicesFragment.getMAdapter()",1,1,1
"it.polimi.deib.p2pchat.discovery.services.WiFiP2pServicesFragment.getMRecyclerView()",1,1,1
"it.polimi.deib.p2pchat.discovery.services.WiFiP2pServicesFragment.getTAG()",1,1,1
"it.polimi.deib.p2pchat.discovery.services.WiFiP2pServicesFragment.hideLocalDeviceGoIcon()",1,4,4
"it.polimi.deib.p2pchat.discovery.services.WiFiP2pServicesFragment.itemClicked(View)",1,2,2
"it.polimi.deib.p2pchat.discovery.services.WiFiP2pServicesFragment.newInstance()",1,1,1
"it.polimi.deib.p2pchat.discovery.services.WiFiP2pServicesFragment.onCreateView(LayoutInflater,ViewGroup,Bundle)",1,1,1
"it.polimi.deib.p2pchat.discovery.services.WiFiP2pServicesFragment.resetLocalDeviceIpAddress()",1,3,3
"it.polimi.deib.p2pchat.discovery.services.WiFiP2pServicesFragment.setLocalDeviceIpAddress(String)",1,3,3
"it.polimi.deib.p2pchat.discovery.services.WiFiP2pServicesFragment.setLocalDeviceNameText(TextView)",1,1,1
"it.polimi.deib.p2pchat.discovery.services.WiFiP2pServicesFragment.setMAdapter(WiFiServicesAdapter)",1,1,1
"it.polimi.deib.p2pchat.discovery.services.WiFiP2pServicesFragment.setMRecyclerView(RecyclerView)",1,1,1
"it.polimi.deib.p2pchat.discovery.services.WiFiP2pServicesFragment.showLocalDeviceGoIcon()",1,4,4
"it.polimi.deib.p2pchat.discovery.services.WiFiServicesAdapter.ViewHolder.ViewHolder(View)",1,1,1
"it.polimi.deib.p2pchat.discovery.services.WiFiServicesAdapter.ViewHolder.setOnClickListener(OnClickListener)",1,1,1
"it.polimi.deib.p2pchat.discovery.services.WiFiServicesAdapter.WiFiServicesAdapter(ItemClickListener)",1,1,1
"it.polimi.deib.p2pchat.discovery.services.WiFiServicesAdapter.getDeviceStatus(int)",7,2,7
"it.polimi.deib.p2pchat.discovery.services.WiFiServicesAdapter.getItemCount()",1,1,1
"it.polimi.deib.p2pchat.discovery.services.WiFiServicesAdapter.onBindViewHolder(ViewHolder,int)",1,2,2
"it.polimi.deib.p2pchat.discovery.services.WiFiServicesAdapter.onCreateViewHolder(ViewGroup,int)",1,1,1
"it.polimi.deib.p2pchat.discovery.services.localdeviceguielement.LocalDeviceDialogFragment.LocalDeviceDialogFragment()",1,1,1
"it.polimi.deib.p2pchat.discovery.services.localdeviceguielement.LocalDeviceDialogFragment.newInstance()",1,1,1
"it.polimi.deib.p2pchat.discovery.services.localdeviceguielement.LocalDeviceDialogFragment.onCreateView(LayoutInflater,ViewGroup,Bundle)",1,1,1
"it.polimi.deib.p2pchat.discovery.services.localdeviceguielement.LocalDeviceDialogFragment.onDestroyView()",1,3,3
"it.polimi.deib.p2pchat.discovery.services.localdeviceguielement.LocalDeviceDialogFragment.setListener()",1,1,1
"it.polimi.deib.p2pchat.discovery.socketmanagers.ChatManager.ChatManager(Socket,Handler)",1,1,1
"it.polimi.deib.p2pchat.discovery.socketmanagers.ChatManager.getHandler()",1,1,1
"it.polimi.deib.p2pchat.discovery.socketmanagers.ChatManager.getSocket()",1,1,1
"it.polimi.deib.p2pchat.discovery.socketmanagers.ChatManager.getTAG()",1,1,1
"it.polimi.deib.p2pchat.discovery.socketmanagers.ChatManager.getiStream()",1,1,1
"it.polimi.deib.p2pchat.discovery.socketmanagers.ChatManager.getoStream()",1,1,1
"it.polimi.deib.p2pchat.discovery.socketmanagers.ChatManager.isDisable()",1,1,1
"it.polimi.deib.p2pchat.discovery.socketmanagers.ChatManager.run()",4,6,7
"it.polimi.deib.p2pchat.discovery.socketmanagers.ChatManager.setDisable(boolean)",1,1,1
"it.polimi.deib.p2pchat.discovery.socketmanagers.ChatManager.setSocket(Socket)",1,1,1
"it.polimi.deib.p2pchat.discovery.socketmanagers.ChatManager.setiStream(InputStream)",1,1,1
"it.polimi.deib.p2pchat.discovery.socketmanagers.ChatManager.setoStream(OutputStream)",1,1,1
"it.polimi.deib.p2pchat.discovery.socketmanagers.ChatManager.write(byte[])",1,2,2
"it.polimi.deib.p2pchat.discovery.socketmanagers.ClientSocketHandler.ClientSocketHandler(Handler,InetAddress)",1,1,1
"it.polimi.deib.p2pchat.discovery.socketmanagers.ClientSocketHandler.closeSocketAndKillThisThread()",1,5,5
"it.polimi.deib.p2pchat.discovery.socketmanagers.ClientSocketHandler.run()",1,3,3
"it.polimi.deib.p2pchat.discovery.socketmanagers.GroupOwnerSocketHandler.GroupOwnerSocketHandler(Handler)",1,2,2
"it.polimi.deib.p2pchat.discovery.socketmanagers.GroupOwnerSocketHandler.closeSocketAndKillThisThread()",1,4,4
"it.polimi.deib.p2pchat.discovery.socketmanagers.GroupOwnerSocketHandler.getIpAddress()",1,1,1
"it.polimi.deib.p2pchat.discovery.socketmanagers.GroupOwnerSocketHandler.run()",2,8,8
"it.polimi.deib.p2pchat.discovery.utilities.CompressionUtils.CompressArray(byte[])",1,2,3
"it.polimi.deib.p2pchat.discovery.utilities.CompressionUtils.DecompressArray(byte[])",1,2,4
"it.polimi.deib.p2pchat.discovery.utilities.CopyUtils.processDataForTransmission(Cursor)",1,3,3
"it.polimi.deib.p2pchat.discovery.utilities.CopyUtils.receiveCopy(Intent)",1,1,1
"it.polimi.deib.p2pchat.discovery.utilities.IntentSerialization.BundleDeserializer.deserialize(JsonElement,Type,JsonDeserializationContext)",1,1,1
"it.polimi.deib.p2pchat.discovery.utilities.IntentSerialization.BundleSerializer.serialize(Bundle,Type,JsonSerializationContext)",1,1,1
"it.polimi.deib.p2pchat.discovery.utilities.IntentSerialization.IntentSerialization()",1,1,1
"it.polimi.deib.p2pchat.discovery.utilities.IntentSerialization.UriDeserializer.deserialize(JsonElement,Type,JsonDeserializationContext)",1,1,1
"it.polimi.deib.p2pchat.discovery.utilities.IntentSerialization.UriSerializer.serialize(Uri,Type,JsonSerializationContext)",1,1,1
"it.polimi.deib.p2pchat.discovery.utilities.IntentSerialization.bundleStringProcessing(String)",1,3,3
"it.polimi.deib.p2pchat.discovery.utilities.IntentSerialization.deserializeIntentGson(String)",1,3,3
"it.polimi.deib.p2pchat.discovery.utilities.IntentSerialization.deserializeIntentGsonBundle(String)",1,12,12
"it.polimi.deib.p2pchat.discovery.utilities.IntentSerialization.deserializeIntentGsonURI(String)",1,3,3
"it.polimi.deib.p2pchat.discovery.utilities.IntentSerialization.jsonStringToBundle(String)",1,1,2
"it.polimi.deib.p2pchat.discovery.utilities.IntentSerialization.jsonToBundle(JSONObject)",1,2,2
"it.polimi.deib.p2pchat.discovery.utilities.IntentSerialization.prepareJsonBundle(Bundle)",1,3,3
"it.polimi.deib.p2pchat.discovery.utilities.IntentSerialization.returnByteArrayFromString(String)",1,2,3
"it.polimi.deib.p2pchat.discovery.utilities.IntentSerialization.returnRemoteIntentFromByteArray(byte[])",1,6,6
"it.polimi.deib.p2pchat.discovery.utilities.IntentSerialization.serializeIntent(Intent)",2,2,2
"it.polimi.deib.p2pchat.discovery.utilities.IntentSerialization.serializeIntentGson(Intent)",1,1,1
"it.polimi.deib.p2pchat.discovery.utilities.IntentSerialization.toJsonObject(String)",1,1,1
"it.polimi.deib.p2pchat.discovery.utilities.RemoteIntent.RemoteIntent()",1,1,1
"it.polimi.deib.p2pchat.discovery.utilities.RemoteIntent.RemoteIntent(String)",1,15,15
"it.polimi.deib.p2pchat.discovery.utilities.RemoteIntent.RemoteIntent(String,Transfer)",1,1,1
"it.polimi.deib.p2pchat.discovery.utilities.RemoteIntent.RemoteIntent(String,Uri)",1,1,1
"it.polimi.deib.p2pchat.discovery.utilities.RemoteIntent.RemoteIntent(String,Uri,Transfer)",1,1,1
"it.polimi.deib.p2pchat.discovery.utilities.RemoteIntent.RemoteIntent(Transfer)",1,1,1
"it.polimi.deib.p2pchat.discovery.utilities.RemoteIntent.RemoteIntent(byte[])",1,19,20
"it.polimi.deib.p2pchat.discovery.utilities.RemoteIntent.getByteArray()",1,1,1
"it.polimi.deib.p2pchat.discovery.utilities.RemoteIntent.getJson()",1,2,2
"it.polimi.deib.p2pchat.discovery.utilities.RemoteIntent.getTransferMethod()",1,1,1
"it.polimi.deib.p2pchat.discovery.utilities.RemoteIntent.setTransferMethod(Transfer)",1,1,1
"it.polimi.deib.p2pchat.discovery.utilities.RemoteUtils.RemoteUtils()",1,1,1
"it.polimi.deib.p2pchat.discovery.utilities.RemoteUtils.RemoteUtils(Object,RemoteAssistant)",1,1,1
"it.polimi.deib.p2pchat.discovery.utilities.RemoteUtils.RemoteUtils(RemoteAssistant)",1,1,1
"it.polimi.deib.p2pchat.discovery.utilities.RemoteUtils.getIPAddress(boolean)",7,7,9
"it.polimi.deib.p2pchat.discovery.utilities.RemoteUtils.receiveRemote(RemoteIntent,Context)",1,2,2
"it.polimi.deib.p2pchat.discovery.utilities.RemoteUtils.remoteClientHandler(String)",1,1,1
"it.polimi.deib.p2pchat.discovery.utilities.RemoteUtils.remoteServerHandler()",1,3,3
"it.polimi.deib.p2pchat.discovery.utilities.RemoteUtils.remoteServerHandler(Intent)",1,2,2
"it.polimi.deib.p2pchat.discovery.utilities.StreamingUtils.StreamingUtils()",1,1,1
"it.polimi.deib.p2pchat.discovery.utilities.StreamingUtils.getIPAddress(boolean)",7,7,9
"it.polimi.deib.p2pchat.discovery.utilities.StreamingUtils.receiveStream(RemoteIntent,Context)",1,5,5
"it.polimi.deib.p2pchat.discovery.utilities.StreamingUtils.remoteClientHandler(String)",1,1,1
"it.polimi.deib.p2pchat.discovery.utilities.StreamingUtils.streamServerHandler(Intent,Context)",1,2,2
"it.polimi.deib.p2pchat.discovery.utilities.Util.bundleStringProcessing(String)",1,7,8
"it.polimi.deib.p2pchat.discovery.utilities.Util.copyDirectoryOneLocationToAnotherLocation(File,File)",1,5,5
"it.polimi.deib.p2pchat.discovery.utilities.Util.getFileExtension(String)",2,2,2
"it.polimi.deib.p2pchat.discovery.utilities.Util.getFolderSize(File)",1,3,3
"it.polimi.deib.p2pchat.discovery.utilities.Util.getIPAddress(boolean)",7,7,9
"it.polimi.deib.p2pchat.discovery.utilities.Util.intentToRemoteIntent(Intent)",1,5,5
"it.polimi.deib.p2pchat.discovery.utilities.Util.jsoStringProcessing(String)",1,2,2
"it.polimi.deib.p2pchat.discovery.utilities.Util.openFile(File)",1,23,24
"lipermi.call.RemoteCall.RemoteCall(RemoteInstance,String,Object[],Long)",1,1,1
"lipermi.call.RemoteCall.getArgs()",1,1,1
"lipermi.call.RemoteCall.getCallId()",1,1,1
"lipermi.call.RemoteCall.getMethodId()",1,1,1
"lipermi.call.RemoteCall.getRemoteInstance()",1,1,1
"lipermi.call.RemoteInstance.RemoteInstance(String,String)",1,1,1
"lipermi.call.RemoteInstance.equals(Object)",2,4,5
"lipermi.call.RemoteInstance.getClassName()",1,1,1
"lipermi.call.RemoteInstance.getInstanceId()",1,1,1
"lipermi.call.RemoteInstance.hashCode()",1,1,1
"lipermi.call.RemoteReturn.RemoteReturn(boolean,Object,Long)",1,1,1
"lipermi.call.RemoteReturn.getCallId()",1,1,1
"lipermi.call.RemoteReturn.getRet()",1,1,1
"lipermi.call.RemoteReturn.isThrowing()",1,1,1
"lipermi.exception.LipeRMIException.LipeRMIException()",1,1,1
"lipermi.exception.LipeRMIException.LipeRMIException(String)",1,1,1
"lipermi.exception.LipeRMIException.LipeRMIException(String,Throwable)",1,1,1
"lipermi.exception.LipeRMIException.LipeRMIException(Throwable)",1,1,1
"lipermi.handler.CallHandler.delegateCall(RemoteCall)",5,6,7
"lipermi.handler.CallHandler.exportObject(Class,Object,String)",4,7,7
"lipermi.handler.CallHandler.exportObject(Class<?>,Object)",1,1,1
"lipermi.handler.CallHandler.getRemoteReference(Object)",3,2,3
"lipermi.handler.CallHandler.registerGlobal(Class,Object)",1,1,1
"lipermi.handler.CallHandler.typeFromObjects(Object[])",1,3,3
"lipermi.handler.CallLookup.forgetMe()",1,1,1
"lipermi.handler.CallLookup.getCurrentSocket()",1,2,2
"lipermi.handler.CallLookup.handlingMe(ConnectionHandler)",1,1,1
"lipermi.handler.CallProxy.CallProxy(ConnectionHandler)",1,1,1
"lipermi.handler.CallProxy.buildProxy(RemoteInstance,ConnectionHandler)",1,1,1
"lipermi.handler.CallProxy.invoke(Object,Method,Object[])",1,1,1
"lipermi.handler.ConnectionHandler.ConnectionHandler(Socket,CallHandler,IProtocolFilter)",1,1,1
"lipermi.handler.ConnectionHandler.addConnectionHandlerListener(IConnectionHandlerListener)",1,1,1
"lipermi.handler.ConnectionHandler.createConnectionHandler(Socket,CallHandler,IProtocolFilter)",1,1,1
"lipermi.handler.ConnectionHandler.createConnectionHandler(Socket,CallHandler,IProtocolFilter,IConnectionHandlerListener)",1,1,1
"lipermi.handler.ConnectionHandler.getProxyFromRemoteInstance(RemoteInstance)",1,3,3
"lipermi.handler.ConnectionHandler.getRemoteInstanceFromProxy(Object)",3,2,3
"lipermi.handler.ConnectionHandler.getSocket()",1,1,1
"lipermi.handler.ConnectionHandler.remoteInvocation(Object,Method,Object[])",7,13,17
"lipermi.handler.ConnectionHandler.removeConnectionHandlerListener(IConnectionHandlerListener)",1,1,1
"lipermi.handler.ConnectionHandler.run()",4,10,11
"lipermi.handler.ConnectionHandler.sendMessage(IRemoteMessage)",1,2,2
"lipermi.handler.filter.DefaultFilter.prepareWrite(IRemoteMessage)",1,1,1
"lipermi.handler.filter.DefaultFilter.readObject(Object)",1,1,1
"lipermi.handler.filter.GZipFilter.prepareWrite(IRemoteMessage)",1,3,6
"lipermi.handler.filter.GZipFilter.readObject(Object)",1,4,7
"lipermi.net.Client.Client(String,int,CallHandler)",1,1,1
"lipermi.net.Client.Client(String,int,CallHandler,IProtocolFilter)",1,1,1
"lipermi.net.Client.addClientListener(IClientListener)",1,1,1
"lipermi.net.Client.close()",1,1,1
"lipermi.net.Client.getGlobal(Class<?>)",1,1,1
"lipermi.net.Client.removeClientListener(IClientListener)",1,1,1
"lipermi.net.Server.addServerListener(IServerListener)",1,1,1
"lipermi.net.Server.bind(CallHandler)",1,1,1
"lipermi.net.Server.bind(int,CallHandler)",1,1,1
"lipermi.net.Server.bind(int,CallHandler,IProtocolFilter)",1,6,6
"lipermi.net.Server.close()",1,1,1
"lipermi.net.Server.removeServerListener(IServerListener)",1,1,1
"null.connectionClosed()",1,2,2

Class,OCavg,WMC
"it.polimi.deib.p2pchat.discovery.BasicBroadcastReceiver",2.19,35
"it.polimi.deib.p2pchat.discovery.Configuration",n/a,0
"it.polimi.deib.p2pchat.discovery.DestinationDeviceTabList",2.62,21
"it.polimi.deib.p2pchat.discovery.HandleRemoteAssistant",5.50,11
"it.polimi.deib.p2pchat.discovery.MainActivity",1.70,119
"it.polimi.deib.p2pchat.discovery.RemoteAssistant",1.00,25
"it.polimi.deib.p2pchat.discovery.RemoteImplementation",1.21,17
"it.polimi.deib.p2pchat.discovery.RemoteResultsHandler",6.50,13
"it.polimi.deib.p2pchat.discovery.RemoteResultsHolder",1.00,34
"it.polimi.deib.p2pchat.discovery.SerializeDeserialize",3.00,9
"it.polimi.deib.p2pchat.discovery.StreamImplementation",1.40,7
"it.polimi.deib.p2pchat.discovery.TabFragment",1.00,14
"it.polimi.deib.p2pchat.discovery.TabFragment.SectionsPagerAdapter",1.75,7
"it.polimi.deib.p2pchat.discovery.TestClass",1.00,2
"it.polimi.deib.p2pchat.discovery.WiFiP2pBroadcastReceiver",3.50,7
"it.polimi.deib.p2pchat.discovery.actionlisteners.CustomDnsSdTxtRecordListener",1.00,1
"it.polimi.deib.p2pchat.discovery.actionlisteners.CustomDnsServiceResponseListener",4.00,4
"it.polimi.deib.p2pchat.discovery.actionlisteners.CustomizableActionListener",2.67,8
"it.polimi.deib.p2pchat.discovery.chatmessages.WiFiChatFragment",1.41,31
"it.polimi.deib.p2pchat.discovery.chatmessages.WiFiChatMessageListAdapter",3.50,7
"it.polimi.deib.p2pchat.discovery.chatmessages.messagefilter.MessageException",1.00,6
"it.polimi.deib.p2pchat.discovery.chatmessages.messagefilter.MessageException.Reason",n/a,0
"it.polimi.deib.p2pchat.discovery.chatmessages.messagefilter.MessageFilter",2.00,8
"it.polimi.deib.p2pchat.discovery.chatmessages.waitingtosend.WaitingToSendListElement",1.00,2
"it.polimi.deib.p2pchat.discovery.chatmessages.waitingtosend.WaitingToSendQueue",1.67,5
"it.polimi.deib.p2pchat.discovery.model.LocalP2PDevice",1.00,4
"it.polimi.deib.p2pchat.discovery.model.P2pDestinationDevice",1.00,7
"it.polimi.deib.p2pchat.discovery.services.BasicIntentService",1.71,12
"it.polimi.deib.p2pchat.discovery.services.ServiceList",2.00,14
"it.polimi.deib.p2pchat.discovery.services.WiFiP2pService",1.00,6
"it.polimi.deib.p2pchat.discovery.services.WiFiP2pServicesFragment",1.38,22
"it.polimi.deib.p2pchat.discovery.services.WiFiP2pServicesFragment.OnClickListenerLocalDevice",1.50,3
"it.polimi.deib.p2pchat.discovery.services.WiFiServicesAdapter",2.17,13
"it.polimi.deib.p2pchat.discovery.services.WiFiServicesAdapter.ViewHolder",1.00,2
"it.polimi.deib.p2pchat.discovery.services.localdeviceguielement.LocalDeviceDialogFragment",1.17,7
"it.polimi.deib.p2pchat.discovery.socketmanagers.ChatManager",1.23,16
"it.polimi.deib.p2pchat.discovery.socketmanagers.ClientSocketHandler",1.67,5
"it.polimi.deib.p2pchat.discovery.socketmanagers.GroupOwnerSocketHandler",2.00,8
"it.polimi.deib.p2pchat.discovery.utilities.CompressionUtils",2.00,4
"it.polimi.deib.p2pchat.discovery.utilities.CopyUtils",2.00,4
"it.polimi.deib.p2pchat.discovery.utilities.IntentSerialization",2.46,32
"it.polimi.deib.p2pchat.discovery.utilities.IntentSerialization.BundleDeserializer",1.00,1
"it.polimi.deib.p2pchat.discovery.utilities.IntentSerialization.BundleSerializer",1.00,1
"it.polimi.deib.p2pchat.discovery.utilities.IntentSerialization.UriDeserializer",1.00,1
"it.polimi.deib.p2pchat.discovery.utilities.IntentSerialization.UriSerializer",1.00,1
"it.polimi.deib.p2pchat.discovery.utilities.RemoteIntent",3.73,41
"it.polimi.deib.p2pchat.discovery.utilities.RemoteUtils",1.80,18
"it.polimi.deib.p2pchat.discovery.utilities.StreamingUtils",2.57,18
"it.polimi.deib.p2pchat.discovery.utilities.Transfer",n/a,0
"it.polimi.deib.p2pchat.discovery.utilities.Util",5.38,43
"lipermi.call.RemoteCall",1.00,5
"lipermi.call.RemoteInstance",1.20,6
"lipermi.call.RemoteReturn",1.00,4
"lipermi.exception.LipeRMIException",1.00,4
"lipermi.handler.CallHandler",3.00,18
"lipermi.handler.CallLookup",1.33,4
"lipermi.handler.CallProxy",1.00,3
"lipermi.handler.ConnectionHandler",2.92,35
"lipermi.handler.filter.DefaultFilter",1.00,2
"lipermi.handler.filter.GZipFilter",3.50,7
"lipermi.net.Client",1.14,8
"lipermi.net.Server",1.50,12

Package,v(G)avg,v(G)tot
"it.polimi.deib.p2pchat.discovery",1.74,336
"it.polimi.deib.p2pchat.discovery.actionlisteners",3.00,15
"it.polimi.deib.p2pchat.discovery.chatmessages",1.70,39
"it.polimi.deib.p2pchat.discovery.chatmessages.messagefilter",1.40,14
"it.polimi.deib.p2pchat.discovery.chatmessages.waitingtosend",1.60,8
"it.polimi.deib.p2pchat.discovery.model",1.00,11
"it.polimi.deib.p2pchat.discovery.services",1.84,83
"it.polimi.deib.p2pchat.discovery.services.localdeviceguielement",1.40,7
"it.polimi.deib.p2pchat.discovery.socketmanagers",2.20,44
"it.polimi.deib.p2pchat.discovery.utilities",3.74,198
"lipermi.call",1.29,18
"lipermi.exception",1.00,4
"lipermi.handler",3.09,71
"lipermi.handler.filter",3.75,15
"lipermi.net",1.46,19

Module,v(G)avg,v(G)tot
"app",2.06,882

Project,v(G)avg,v(G)tot
"project",2.06,882

